time_minutes,timestamp_ms,timestamp_local,station_name,kind
4.426233,1720091065574,2024-07-04T07:04:25.574-04:00,Berri / Cherrier,rental
7.677467,1720091260648,2024-07-04T07:07:40.648-04:00,Berri / Cherrier,rental
8.228283,1720091293697,2024-07-04T07:08:13.697-04:00,Prince-Arthur / St-Urbain,rental
8.665800,1720091319948,2024-07-04T07:08:39.948-04:00,de Maisonneuve / Aylmer (ouest),return
10.522167,1720091431330,2024-07-04T07:10:31.330-04:00,Prince-Arthur / St-Urbain,rental
11.501883,1720091490113,2024-07-04T07:11:30.113-04:00,de Maisonneuve / Aylmer (ouest),return
14.138600,1720091648316,2024-07-04T07:14:08.316-04:00,de Maisonneuve / Aylmer (ouest),return
14.839000,1720091690340,2024-07-04T07:14:50.340-04:00,Berri / Cherrier,rental
14.887317,1720091693239,2024-07-04T07:14:53.239-04:00,Berri / Cherrier,rental
15.236283,1720091714177,2024-07-04T07:15:14.177-04:00,Prince-Arthur / St-Urbain,rental
16.513883,1720091790833,2024-07-04T07:16:30.833-04:00,Prince-Arthur / St-Urbain,return
19.847367,1720091990842,2024-07-04T07:19:50.842-04:00,Berri / Cherrier,rental
21.619717,1720092097183,2024-07-04T07:21:37.183-04:00,Berri / Cherrier,rental
27.610733,1720092456644,2024-07-04T07:27:36.644-04:00,Berri / Cherrier,return
29.593983,1720092575639,2024-07-04T07:29:35.639-04:00,Berri / Cherrier,rental
30.961683,1720092657701,2024-07-04T07:30:57.701-04:00,Berri / Cherrier,return
32.967967,1720092778078,2024-07-04T07:32:58.078-04:00,de Maisonneuve / Aylmer (ouest),rental
34.056517,1720092843391,2024-07-04T07:34:03.391-04:00,Prince-Arthur / St-Urbain,rental
34.936483,1720092896189,2024-07-04T07:34:56.189-04:00,de Maisonneuve / Aylmer (ouest),return
35.449283,1720092926957,2024-07-04T07:35:26.957-04:00,Berri / Cherrier,rental
37.052350,1720093023141,2024-07-04T07:37:03.141-04:00,Berri / Cherrier,rental
37.153967,1720093029238,2024-07-04T07:37:09.238-04:00,Berri / Cherrier,rental
37.274133,1720093036448,2024-07-04T07:37:16.448-04:00,de Maisonneuve / Aylmer (ouest),return
38.541883,1720093112513,2024-07-04T07:38:32.513-04:00,de Maisonneuve / Aylmer (ouest),return
40.856950,1720093251417,2024-07-04T07:40:51.417-04:00,Berri / Cherrier,return
40.978917,1720093258735,2024-07-04T07:40:58.735-04:00,Berri / Cherrier,return
41.249733,1720093274984,2024-07-04T07:41:14.984-04:00,de Maisonneuve / Aylmer (ouest),return
41.639033,1720093298342,2024-07-04T07:41:38.342-04:00,Berri / Cherrier,return
44.375767,1720093462546,2024-07-04T07:44:22.546-04:00,Berri / Cherrier,rental
44.675433,1720093480526,2024-07-04T07:44:40.526-04:00,de Maisonneuve / Aylmer (ouest),rental
44.869283,1720093492157,2024-07-04T07:44:52.157-04:00,de Maisonneuve / Aylmer (ouest),return
44.896183,1720093493771,2024-07-04T07:44:53.771-04:00,de Maisonneuve / Aylmer (ouest),return
46.100050,1720093566003,2024-07-04T07:46:06.003-04:00,Berri / Cherrier,return
47.425233,1720093645514,2024-07-04T07:47:25.514-04:00,Berri / Cherrier,return
47.563933,1720093653836,2024-07-04T07:47:33.836-04:00,Prince-Arthur / St-Urbain,rental
49.146967,1720093748818,2024-07-04T07:49:08.818-04:00,de Maisonneuve / Aylmer (ouest),return
49.979750,1720093798785,2024-07-04T07:49:58.785-04:00,de Maisonneuve / Aylmer (ouest),return
50.235150,1720093814109,2024-07-04T07:50:14.109-04:00,Prince-Arthur / St-Urbain,return
50.735483,1720093844129,2024-07-04T07:50:44.129-04:00,Berri / Cherrier,return
51.329933,1720093879796,2024-07-04T07:51:19.796-04:00,Prince-Arthur / St-Urbain,rental
52.307517,1720093938451,2024-07-04T07:52:18.451-04:00,de Maisonneuve / Aylmer (ouest),return
53.193017,1720093991581,2024-07-04T07:53:11.581-04:00,de Maisonneuve / Aylmer (ouest),return
54.661200,1720094079672,2024-07-04T07:54:39.672-04:00,de Maisonneuve / Aylmer (ouest),return
56.276317,1720094176579,2024-07-04T07:56:16.579-04:00,de Maisonneuve / Aylmer (ouest),return
56.583750,1720094195025,2024-07-04T07:56:35.025-04:00,Prince-Arthur / St-Urbain,rental
57.874300,1720094272458,2024-07-04T07:57:52.458-04:00,Berri / Cherrier,return
58.440600,1720094306436,2024-07-04T07:58:26.436-04:00,Berri / Cherrier,rental
59.196100,1720094351766,2024-07-04T07:59:11.766-04:00,de Maisonneuve / Aylmer (ouest),return
59.613083,1720094376785,2024-07-04T07:59:36.785-04:00,Prince-Arthur / St-Urbain,return
59.972983,1720094398379,2024-07-04T07:59:58.379-04:00,Berri / Cherrier,rental
60.074167,1720094404450,2024-07-04T08:00:04.450-04:00,Berri / Cherrier,rental
61.285067,1720094477104,2024-07-04T08:01:17.104-04:00,de Maisonneuve / Aylmer (ouest),return
62.225483,1720094533529,2024-07-04T08:02:13.529-04:00,Prince-Arthur / St-Urbain,rental
63.707850,1720094622471,2024-07-04T08:03:42.471-04:00,de Maisonneuve / Aylmer (ouest),return
65.216333,1720094712980,2024-07-04T08:05:12.980-04:00,Berri / Cherrier,rental
65.408317,1720094724499,2024-07-04T08:05:24.499-04:00,Prince-Arthur / St-Urbain,return
65.612483,1720094736749,2024-07-04T08:05:36.749-04:00,Berri / Cherrier,return
65.951400,1720094757084,2024-07-04T08:05:57.084-04:00,Prince-Arthur / St-Urbain,rental
66.544583,1720094792675,2024-07-04T08:06:32.675-04:00,de Maisonneuve / Aylmer (ouest),return
66.707700,1720094802462,2024-07-04T08:06:42.462-04:00,de Maisonneuve / Aylmer (ouest),return
68.916150,1720094934969,2024-07-04T08:08:54.969-04:00,Berri / Cherrier,rental
70.225817,1720095013549,2024-07-04T08:10:13.549-04:00,Berri / Cherrier,return
71.272333,1720095076340,2024-07-04T08:11:16.340-04:00,Berri / Cherrier,return
71.496567,1720095089794,2024-07-04T08:11:29.794-04:00,Prince-Arthur / St-Urbain,rental
71.980400,1720095118824,2024-07-04T08:11:58.824-04:00,Berri / Cherrier,rental
72.083767,1720095125026,2024-07-04T08:12:05.026-04:00,de Maisonneuve / Aylmer (ouest),return
75.404083,1720095324245,2024-07-04T08:15:24.245-04:00,Berri / Cherrier,return
75.506833,1720095330410,2024-07-04T08:15:30.410-04:00,de Maisonneuve / Aylmer (ouest),return
75.761550,1720095345693,2024-07-04T08:15:45.693-04:00,Prince-Arthur / St-Urbain,rental
76.639267,1720095398356,2024-07-04T08:16:38.356-04:00,Prince-Arthur / St-Urbain,rental
76.838683,1720095410321,2024-07-04T08:16:50.321-04:00,Prince-Arthur / St-Urbain,rental
77.332167,1720095439930,2024-07-04T08:17:19.930-04:00,de Maisonneuve / Aylmer (ouest),return
77.983717,1720095479023,2024-07-04T08:17:59.023-04:00,Prince-Arthur / St-Urbain,return
78.612433,1720095516746,2024-07-04T08:18:36.746-04:00,de Maisonneuve / Aylmer (ouest),return
79.522583,1720095571355,2024-07-04T08:19:31.355-04:00,Berri / Cherrier,rental
79.599817,1720095575989,2024-07-04T08:19:35.989-04:00,Berri / Cherrier,rental
80.226900,1720095613614,2024-07-04T08:20:13.614-04:00,Prince-Arthur / St-Urbain,return
80.394933,1720095623696,2024-07-04T08:20:23.696-04:00,de Maisonneuve / Aylmer (ouest),return
80.519817,1720095631189,2024-07-04T08:20:31.189-04:00,Berri / Cherrier,return
80.590050,1720095635403,2024-07-04T08:20:35.403-04:00,Berri / Cherrier,rental
80.889350,1720095653361,2024-07-04T08:20:53.361-04:00,de Maisonneuve / Aylmer (ouest),return
81.256833,1720095675410,2024-07-04T08:21:15.410-04:00,Berri / Cherrier,rental
81.269333,1720095676160,2024-07-04T08:21:16.160-04:00,Prince-Arthur / St-Urbain,rental
81.891983,1720095713519,2024-07-04T08:21:53.519-04:00,Berri / Cherrier,rental
81.937917,1720095716275,2024-07-04T08:21:56.275-04:00,Berri / Cherrier,rental
82.104267,1720095726256,2024-07-04T08:22:06.256-04:00,Berri / Cherrier,return
82.780633,1720095766838,2024-07-04T08:22:46.838-04:00,Prince-Arthur / St-Urbain,rental
83.470233,1720095808214,2024-07-04T08:23:28.214-04:00,Berri / Cherrier,rental
83.549817,1720095812989,2024-07-04T08:23:32.989-04:00,de Maisonneuve / Aylmer (ouest),return
83.771333,1720095826280,2024-07-04T08:23:46.280-04:00,Berri / Cherrier,rental
84.056517,1720095843391,2024-07-04T08:24:03.391-04:00,Berri / Cherrier,rental
84.354317,1720095861259,2024-07-04T08:24:21.259-04:00,Berri / Cherrier,rental
84.423717,1720095865423,2024-07-04T08:24:25.423-04:00,Berri / Cherrier,rental
84.445317,1720095866719,2024-07-04T08:24:26.719-04:00,Berri / Cherrier,rental
84.555733,1720095873344,2024-07-04T08:24:33.344-04:00,Berri / Cherrier,rental
84.691683,1720095881501,2024-07-04T08:24:41.501-04:00,Berri / Cherrier,rental
84.739133,1720095884348,2024-07-04T08:24:44.348-04:00,Berri / Cherrier,rental
84.855083,1720095891305,2024-07-04T08:24:51.305-04:00,de Maisonneuve / Aylmer (ouest),return
84.962433,1720095897746,2024-07-04T08:24:57.746-04:00,Berri / Cherrier,rental
85.098150,1720095905889,2024-07-04T08:25:05.889-04:00,Berri / Cherrier,rental
85.423317,1720095925399,2024-07-04T08:25:25.399-04:00,Berri / Cherrier,rental
85.441950,1720095926517,2024-07-04T08:25:26.517-04:00,de Maisonneuve / Aylmer (ouest),return
85.810350,1720095948621,2024-07-04T08:25:48.621-04:00,Berri / Cherrier,rental
86.459083,1720095987545,2024-07-04T08:26:27.545-04:00,de Maisonneuve / Aylmer (ouest),return
86.499967,1720095989998,2024-07-04T08:26:29.998-04:00,Berri / Cherrier,rental
86.532833,1720095991970,2024-07-04T08:26:31.970-04:00,Berri / Cherrier,rental
86.646533,1720095998792,2024-07-04T08:26:38.792-04:00,de Maisonneuve / Aylmer (ouest),return
86.783917,1720096007035,2024-07-04T08:26:47.035-04:00,Berri / Cherrier,rental
86.832167,1720096009930,2024-07-04T08:26:49.930-04:00,Berri / Cherrier,rental
88.284633,1720096097078,2024-07-04T08:28:17.078-04:00,Berri / Cherrier,rental
88.446967,1720096106818,2024-07-04T08:28:26.818-04:00,Berri / Cherrier,rental
88.499617,1720096109977,2024-07-04T08:28:29.977-04:00,Berri / Cherrier,rental
88.713283,1720096122797,2024-07-04T08:28:42.797-04:00,Berri / Cherrier,rental
89.031500,1720096141890,2024-07-04T08:29:01.890-04:00,Berri / Cherrier,return
89.464650,1720096167879,2024-07-04T08:29:27.879-04:00,Berri / Cherrier,rental
89.614450,1720096176867,2024-07-04T08:29:36.867-04:00,de Maisonneuve / Aylmer (ouest),return
89.780650,1720096186839,2024-07-04T08:29:46.839-04:00,Berri / Cherrier,rental
90.142233,1720096208534,2024-07-04T08:30:08.534-04:00,Prince-Arthur / St-Urbain,rental
90.684300,1720096241058,2024-07-04T08:30:41.058-04:00,de Maisonneuve / Aylmer (ouest),return
90.840333,1720096250420,2024-07-04T08:30:50.420-04:00,de Maisonneuve / Aylmer (ouest),return
90.879400,1720096252764,2024-07-04T08:30:52.764-04:00,Prince-Arthur / St-Urbain,return
90.975500,1720096258530,2024-07-04T08:30:58.530-04:00,Prince-Arthur / St-Urbain,rental
91.065800,1720096263948,2024-07-04T08:31:03.948-04:00,de Maisonneuve / Aylmer (ouest),return
92.654417,1720096359265,2024-07-04T08:32:39.265-04:00,Prince-Arthur / St-Urbain,return
92.974067,1720096378444,2024-07-04T08:32:58.444-04:00,Berri / Cherrier,return
93.450067,1720096407004,2024-07-04T08:33:27.004-04:00,de Maisonneuve / Aylmer (ouest),return
94.336967,1720096460218,2024-07-04T08:34:20.218-04:00,de Maisonneuve / Aylmer (ouest),return
95.030250,1720096501815,2024-07-04T08:35:01.815-04:00,Prince-Arthur / St-Urbain,return
95.201150,1720096512069,2024-07-04T08:35:12.069-04:00,Berri / Cherrier,rental
95.654783,1720096539287,2024-07-04T08:35:39.287-04:00,de Maisonneuve / Aylmer (ouest),return
96.147533,1720096568852,2024-07-04T08:36:08.852-04:00,de Maisonneuve / Aylmer (ouest),return
96.755100,1720096605306,2024-07-04T08:36:45.306-04:00,Prince-Arthur / St-Urbain,rental
96.792033,1720096607522,2024-07-04T08:36:47.522-04:00,Prince-Arthur / St-Urbain,rental
96.966600,1720096617996,2024-07-04T08:36:57.996-04:00,de Maisonneuve / Aylmer (ouest),rental
97.243217,1720096634593,2024-07-04T08:37:14.593-04:00,de Maisonneuve / Aylmer (ouest),return
101.535933,1720096892156,2024-07-04T08:41:32.156-04:00,de Maisonneuve / Aylmer (ouest),rental
102.335850,1720096940151,2024-07-04T08:42:20.151-04:00,de Maisonneuve / Aylmer (ouest),return
103.489617,1720097009377,2024-07-04T08:43:29.377-04:00,Berri / Cherrier,return
103.844833,1720097030690,2024-07-04T08:43:50.690-04:00,de Maisonneuve / Aylmer (ouest),return
104.368083,1720097062085,2024-07-04T08:44:22.085-04:00,Berri / Cherrier,return
104.726950,1720097083617,2024-07-04T08:44:43.617-04:00,de Maisonneuve / Aylmer (ouest),rental
105.767083,1720097146025,2024-07-04T08:45:46.025-04:00,de Maisonneuve / Aylmer (ouest),return
106.076467,1720097164588,2024-07-04T08:46:04.588-04:00,Berri / Cherrier,return
106.296867,1720097177812,2024-07-04T08:46:17.812-04:00,Berri / Cherrier,rental
107.291133,1720097237468,2024-07-04T08:47:17.468-04:00,Prince-Arthur / St-Urbain,return
107.442500,1720097246550,2024-07-04T08:47:26.550-04:00,Berri / Cherrier,rental
108.274883,1720097296493,2024-07-04T08:48:16.493-04:00,Prince-Arthur / St-Urbain,return
108.498267,1720097309896,2024-07-04T08:48:29.896-04:00,Berri / Cherrier,rental
108.677883,1720097320673,2024-07-04T08:48:40.673-04:00,Prince-Arthur / St-Urbain,rental
108.739883,1720097324393,2024-07-04T08:48:44.393-04:00,Prince-Arthur / St-Urbain,rental
109.707867,1720097382472,2024-07-04T08:49:42.472-04:00,Prince-Arthur / St-Urbain,rental
109.854183,1720097391251,2024-07-04T08:49:51.251-04:00,Berri / Cherrier,return
110.449267,1720097426956,2024-07-04T08:50:26.956-04:00,de Maisonneuve / Aylmer (ouest),rental
110.517350,1720097431041,2024-07-04T08:50:31.041-04:00,de Maisonneuve / Aylmer (ouest),rental
110.605883,1720097436353,2024-07-04T08:50:36.353-04:00,de Maisonneuve / Aylmer (ouest),return
110.775917,1720097446555,2024-07-04T08:50:46.555-04:00,Prince-Arthur / St-Urbain,rental
110.985017,1720097459101,2024-07-04T08:50:59.101-04:00,de Maisonneuve / Aylmer (ouest),return
111.029350,1720097461761,2024-07-04T08:51:01.761-04:00,Berri / Cherrier,rental
112.027450,1720097521647,2024-07-04T08:52:01.647-04:00,Berri / Cherrier,return
112.864683,1720097571881,2024-07-04T08:52:51.881-04:00,Berri / Cherrier,rental
114.171233,1720097650274,2024-07-04T08:54:10.274-04:00,Prince-Arthur / St-Urbain,rental
114.405983,1720097664359,2024-07-04T08:54:24.359-04:00,Prince-Arthur / St-Urbain,rental
114.676583,1720097680595,2024-07-04T08:54:40.595-04:00,Prince-Arthur / St-Urbain,rental
115.093467,1720097705608,2024-07-04T08:55:05.608-04:00,Berri / Cherrier,return
115.988167,1720097759290,2024-07-04T08:55:59.290-04:00,de Maisonneuve / Aylmer (ouest),return
116.169833,1720097770190,2024-07-04T08:56:10.190-04:00,de Maisonneuve / Aylmer (ouest),return
116.536417,1720097792185,2024-07-04T08:56:32.185-04:00,Prince-Arthur / St-Urbain,return
116.903433,1720097814206,2024-07-04T08:56:54.206-04:00,Prince-Arthur / St-Urbain,return
117.072400,1720097824344,2024-07-04T08:57:04.344-04:00,de Maisonneuve / Aylmer (ouest),return
118.079267,1720097884756,2024-07-04T08:58:04.756-04:00,Berri / Cherrier,return
118.133433,1720097888006,2024-07-04T08:58:08.006-04:00,Berri / Cherrier,return
118.192783,1720097891567,2024-07-04T08:58:11.567-04:00,de Maisonneuve / Aylmer (ouest),return
118.415667,1720097904940,2024-07-04T08:58:24.940-04:00,Prince-Arthur / St-Urbain,rental
118.659417,1720097919565,2024-07-04T08:58:39.565-04:00,de Maisonneuve / Aylmer (ouest),return
118.845033,1720097930702,2024-07-04T08:58:50.702-04:00,de Maisonneuve / Aylmer (ouest),return
119.351533,1720097961092,2024-07-04T08:59:21.092-04:00,de Maisonneuve / Aylmer (ouest),return
119.474850,1720097968491,2024-07-04T08:59:28.491-04:00,de Maisonneuve / Aylmer (ouest),return
119.819333,1720097989160,2024-07-04T08:59:49.160-04:00,Berri / Cherrier,rental
119.961217,1720097997673,2024-07-04T08:59:57.673-04:00,Berri / Cherrier,rental
120.063217,1720098003793,2024-07-04T09:00:03.793-04:00,Berri / Cherrier,rental
120.084650,1720098005079,2024-07-04T09:00:05.079-04:00,de Maisonneuve / Aylmer (ouest),return
120.617167,1720098037030,2024-07-04T09:00:37.030-04:00,Prince-Arthur / St-Urbain,rental
121.394633,1720098083678,2024-07-04T09:01:23.678-04:00,de Maisonneuve / Aylmer (ouest),return
123.310450,1720098198627,2024-07-04T09:03:18.627-04:00,Prince-Arthur / St-Urbain,return
123.499050,1720098209943,2024-07-04T09:03:29.943-04:00,de Maisonneuve / Aylmer (ouest),return
125.184100,1720098311046,2024-07-04T09:05:11.046-04:00,de Maisonneuve / Aylmer (ouest),return
125.776650,1720098346599,2024-07-04T09:05:46.599-04:00,de Maisonneuve / Aylmer (ouest),return
126.677067,1720098400624,2024-07-04T09:06:40.624-04:00,Prince-Arthur / St-Urbain,return
126.917100,1720098415026,2024-07-04T09:06:55.026-04:00,de Maisonneuve / Aylmer (ouest),return
127.160983,1720098429659,2024-07-04T09:07:09.659-04:00,de Maisonneuve / Aylmer (ouest),return
127.328317,1720098439699,2024-07-04T09:07:19.699-04:00,de Maisonneuve / Aylmer (ouest),return
127.402550,1720098444153,2024-07-04T09:07:24.153-04:00,de Maisonneuve / Aylmer (ouest),return
127.479767,1720098448786,2024-07-04T09:07:28.786-04:00,de Maisonneuve / Aylmer (ouest),return
127.625767,1720098457546,2024-07-04T09:07:37.546-04:00,de Maisonneuve / Aylmer (ouest),return
128.041133,1720098482468,2024-07-04T09:08:02.468-04:00,Prince-Arthur / St-Urbain,rental
128.720433,1720098523226,2024-07-04T09:08:43.226-04:00,de Maisonneuve / Aylmer (ouest),return
128.836683,1720098530201,2024-07-04T09:08:50.201-04:00,de Maisonneuve / Aylmer (ouest),return
129.611033,1720098576662,2024-07-04T09:09:36.662-04:00,Berri / Cherrier,return
130.245733,1720098614744,2024-07-04T09:10:14.744-04:00,de Maisonneuve / Aylmer (ouest),return
130.439450,1720098626367,2024-07-04T09:10:26.367-04:00,de Maisonneuve / Aylmer (ouest),return
132.039083,1720098722345,2024-07-04T09:12:02.345-04:00,Prince-Arthur / St-Urbain,rental
132.104067,1720098726244,2024-07-04T09:12:06.244-04:00,Prince-Arthur / St-Urbain,rental
132.209517,1720098732571,2024-07-04T09:12:12.571-04:00,de Maisonneuve / Aylmer (ouest),return
132.329500,1720098739770,2024-07-04T09:12:19.770-04:00,de Maisonneuve / Aylmer (ouest),rental
132.655017,1720098759301,2024-07-04T09:12:39.301-04:00,Berri / Cherrier,rental
133.066750,1720098784005,2024-07-04T09:13:04.005-04:00,de Maisonneuve / Aylmer (ouest),return
133.319583,1720098799175,2024-07-04T09:13:19.175-04:00,Berri / Cherrier,rental
133.377800,1720098802668,2024-07-04T09:13:22.668-04:00,Berri / Cherrier,return
133.689517,1720098821371,2024-07-04T09:13:41.371-04:00,Berri / Cherrier,rental
133.908233,1720098834494,2024-07-04T09:13:54.494-04:00,Berri / Cherrier,rental
134.311483,1720098858689,2024-07-04T09:14:18.689-04:00,Berri / Cherrier,rental
135.031217,1720098901873,2024-07-04T09:15:01.873-04:00,Berri / Cherrier,return
135.828117,1720098949687,2024-07-04T09:15:49.687-04:00,de Maisonneuve / Aylmer (ouest),return
136.453850,1720098987231,2024-07-04T09:16:27.231-04:00,de Maisonneuve / Aylmer (ouest),return
136.606517,1720098996391,2024-07-04T09:16:36.391-04:00,Berri / Cherrier,rental
137.374850,1720099042491,2024-07-04T09:17:22.491-04:00,de Maisonneuve / Aylmer (ouest),return
137.661733,1720099059704,2024-07-04T09:17:39.704-04:00,de Maisonneuve / Aylmer (ouest),return
138.186867,1720099091212,2024-07-04T09:18:11.212-04:00,Berri / Cherrier,return
139.044883,1720099142693,2024-07-04T09:19:02.693-04:00,Berri / Cherrier,rental
139.325250,1720099159515,2024-07-04T09:19:19.515-04:00,de Maisonneuve / Aylmer (ouest),return
139.491833,1720099169510,2024-07-04T09:19:29.510-04:00,de Maisonneuve / Aylmer (ouest),rental
139.956733,1720099197404,2024-07-04T09:19:57.404-04:00,Prince-Arthur / St-Urbain,rental
140.053367,1720099203202,2024-07-04T09:20:03.202-04:00,Prince-Arthur / St-Urbain,return
140.153417,1720099209205,2024-07-04T09:20:09.205-04:00,de Maisonneuve / Aylmer (ouest),return
141.525467,1720099291528,2024-07-04T09:21:31.528-04:00,de Maisonneuve / Aylmer (ouest),return
141.668017,1720099300081,2024-07-04T09:21:40.081-04:00,Berri / Cherrier,rental
141.688750,1720099301325,2024-07-04T09:21:41.325-04:00,de Maisonneuve / Aylmer (ouest),return
142.159300,1720099329558,2024-07-04T09:22:09.558-04:00,Prince-Arthur / St-Urbain,rental
142.541867,1720099352512,2024-07-04T09:22:32.512-04:00,Prince-Arthur / St-Urbain,rental
142.862683,1720099371761,2024-07-04T09:22:51.761-04:00,Berri / Cherrier,rental
143.185283,1720099391117,2024-07-04T09:23:11.117-04:00,Berri / Cherrier,return
143.823417,1720099429405,2024-07-04T09:23:49.405-04:00,Berri / Cherrier,rental
143.877383,1720099432643,2024-07-04T09:23:52.643-04:00,de Maisonneuve / Aylmer (ouest),return
144.033500,1720099442010,2024-07-04T09:24:02.010-04:00,Prince-Arthur / St-Urbain,rental
144.341567,1720099460494,2024-07-04T09:24:20.494-04:00,de Maisonneuve / Aylmer (ouest),return
144.430750,1720099465845,2024-07-04T09:24:25.845-04:00,Prince-Arthur / St-Urbain,return
144.824317,1720099489459,2024-07-04T09:24:49.459-04:00,Berri / Cherrier,return
145.352267,1720099521136,2024-07-04T09:25:21.136-04:00,Berri / Cherrier,return
145.466200,1720099527972,2024-07-04T09:25:27.972-04:00,Prince-Arthur / St-Urbain,rental
145.743083,1720099544585,2024-07-04T09:25:44.585-04:00,Berri / Cherrier,rental
145.746533,1720099544792,2024-07-04T09:25:44.792-04:00,Berri / Cherrier,rental
148.183217,1720099690993,2024-07-04T09:28:10.993-04:00,de Maisonneuve / Aylmer (ouest),return
150.090717,1720099805443,2024-07-04T09:30:05.443-04:00,Berri / Cherrier,rental
151.210100,1720099872606,2024-07-04T09:31:12.606-04:00,Prince-Arthur / St-Urbain,rental
153.272683,1720099996361,2024-07-04T09:33:16.361-04:00,de Maisonneuve / Aylmer (ouest),rental
155.575567,1720100134534,2024-07-04T09:35:34.534-04:00,Prince-Arthur / St-Urbain,return
155.605833,1720100136350,2024-07-04T09:35:36.350-04:00,Berri / Cherrier,rental
157.449300,1720100246958,2024-07-04T09:37:26.958-04:00,de Maisonneuve / Aylmer (ouest),rental
161.018017,1720100461081,2024-07-04T09:41:01.081-04:00,Berri / Cherrier,rental
161.206550,1720100472393,2024-07-04T09:41:12.393-04:00,Berri / Cherrier,rental
161.333633,1720100480018,2024-07-04T09:41:20.018-04:00,Berri / Cherrier,rental
162.125183,1720100527511,2024-07-04T09:42:07.511-04:00,Berri / Cherrier,rental
163.383083,1720100602985,2024-07-04T09:43:22.985-04:00,Berri / Cherrier,rental
164.267433,1720100656046,2024-07-04T09:44:16.046-04:00,Berri / Cherrier,rental
164.361550,1720100661693,2024-07-04T09:44:21.693-04:00,Berri / Cherrier,rental
164.739150,1720100684349,2024-07-04T09:44:44.349-04:00,Berri / Cherrier,return
164.849267,1720100690956,2024-07-04T09:44:50.956-04:00,Berri / Cherrier,rental
165.608733,1720100736524,2024-07-04T09:45:36.524-04:00,Prince-Arthur / St-Urbain,return
166.985083,1720100819105,2024-07-04T09:46:59.105-04:00,Prince-Arthur / St-Urbain,rental
167.220150,1720100833209,2024-07-04T09:47:13.209-04:00,de Maisonneuve / Aylmer (ouest),return
167.255683,1720100835341,2024-07-04T09:47:15.341-04:00,Prince-Arthur / St-Urbain,return
167.725317,1720100863519,2024-07-04T09:47:43.519-04:00,de Maisonneuve / Aylmer (ouest),return
167.876817,1720100872609,2024-07-04T09:47:52.609-04:00,Berri / Cherrier,return
169.666767,1720100980006,2024-07-04T09:49:40.006-04:00,Prince-Arthur / St-Urbain,rental
170.826300,1720101049578,2024-07-04T09:50:49.578-04:00,Prince-Arthur / St-Urbain,rental
172.073233,1720101124394,2024-07-04T09:52:04.394-04:00,Berri / Cherrier,rental
172.261667,1720101135700,2024-07-04T09:52:15.700-04:00,Berri / Cherrier,return
172.445417,1720101146725,2024-07-04T09:52:26.725-04:00,Prince-Arthur / St-Urbain,rental
172.495100,1720101149706,2024-07-04T09:52:29.706-04:00,Prince-Arthur / St-Urbain,rental
172.685633,1720101161138,2024-07-04T09:52:41.138-04:00,Prince-Arthur / St-Urbain,rental
173.101317,1720101186079,2024-07-04T09:53:06.079-04:00,Prince-Arthur / St-Urbain,rental
173.343500,1720101200610,2024-07-04T09:53:20.610-04:00,Prince-Arthur / St-Urbain,rental
173.353767,1720101201226,2024-07-04T09:53:21.226-04:00,Prince-Arthur / St-Urbain,rental
173.433783,1720101206027,2024-07-04T09:53:26.027-04:00,Berri / Cherrier,rental
173.729783,1720101223787,2024-07-04T09:53:43.787-04:00,Berri / Cherrier,return
174.410583,1720101264635,2024-07-04T09:54:24.635-04:00,Prince-Arthur / St-Urbain,rental
174.462450,1720101267747,2024-07-04T09:54:27.747-04:00,de Maisonneuve / Aylmer (ouest),rental
175.561717,1720101333703,2024-07-04T09:55:33.703-04:00,Prince-Arthur / St-Urbain,rental
178.545617,1720101512737,2024-07-04T09:58:32.737-04:00,de Maisonneuve / Aylmer (ouest),return
