metric,component,spacecraft,value,unit,metrics_sha256
plan.identity_sha256,,,6cf023344145cd131b3aceabf0a51de5fb9907e46851e0aa99ae7edaf08343bb,sha256,dcaf36b6e5d8b943d80dcb430db143b3b64134b83eae58d902d76762966c5f8e
plan.alpha_deg_per_day2,,,0.054450305970658669,degree/day^2,dcaf36b6e5d8b943d80dcb430db143b3b64134b83eae58d902d76762966c5f8e
plan.d_km_per_day,,,0.045157234506305814,km/day,dcaf36b6e5d8b943d80dcb430db143b3b64134b83eae58d902d76762966c5f8e
plan.primary_max_final_extra_loss_km,,,1.3123227020464072,km,dcaf36b6e5d8b943d80dcb430db143b3b64134b83eae58d902d76762966c5f8e
plan.refined_max_final_extra_loss_km,,,1.3123227030464073,km,dcaf36b6e5d8b943d80dcb430db143b3b64134b83eae58d902d76762966c5f8e
plan.primary_total_variation,,,33.701180998117451,dimensionless,dcaf36b6e5d8b943d80dcb430db143b3b64134b83eae58d902d76762966c5f8e
plan.refined_total_variation,,,2,dimensionless,dcaf36b6e5d8b943d80dcb430db143b3b64134b83eae58d902d76762966c5f8e
plan.command_min,,,-0,dimensionless,dcaf36b6e5d8b943d80dcb430db143b3b64134b83eae58d902d76762966c5f8e
plan.command_max,,,1,dimensionless,dcaf36b6e5d8b943d80dcb430db143b3b64134b83eae58d902d76762966c5f8e
plan.equivalent_high_drag_days,0,Leader,29.024453307692305,day,dcaf36b6e5d8b943d80dcb430db143b3b64134b83eae58d902d76762966c5f8e
plan.equivalent_high_drag_days,1,Follower 1,29.04496131875522,day,dcaf36b6e5d8b943d80dcb430db143b3b64134b83eae58d902d76762966c5f8e
plan.equivalent_high_drag_days,2,Follower 2,29.061184047113265,day,dcaf36b6e5d8b943d80dcb430db143b3b64134b83eae58d902d76762966c5f8e
nominal_linear.final_extra_altitude_loss_km,0,Leader,1.3106640444327848,km,dcaf36b6e5d8b943d80dcb430db143b3b64134b83eae58d902d76762966c5f8e
nominal_linear.final_extra_altitude_loss_km,1,Follower 1,1.3115901294976124,km,dcaf36b6e5d8b943d80dcb430db143b3b64134b83eae58d902d76762966c5f8e
nominal_linear.final_extra_altitude_loss_km,2,Follower 2,1.3123227030464073,km,dcaf36b6e5d8b943d80dcb430db143b3b64134b83eae58d902d76762966c5f8e
nominal_linear.final_altitude_km,0,Leader,473.68933595556723,km,dcaf36b6e5d8b943d80dcb430db143b3b64134b83eae58d902d76762966c5f8e
nominal_linear.final_altitude_km,1,Follower 1,473.68840987050237,km,dcaf36b6e5d8b943d80dcb430db143b3b64134b83eae58d902d76762966c5f8e
nominal_linear.final_altitude_km,2,Follower 2,473.68767729695361,km,dcaf36b6e5d8b943d80dcb430db143b3b64134b83eae58d902d76762966c5f8e
nominal_linear.final_cyclic_gap_deg,0,Leader,119.90000000000023,degree,dcaf36b6e5d8b943d80dcb430db143b3b64134b83eae58d902d76762966c5f8e
nominal_linear.final_cyclic_gap_deg,1,Follower 1,119.99999999999903,degree,dcaf36b6e5d8b943d80dcb430db143b3b64134b83eae58d902d76762966c5f8e
nominal_linear.final_cyclic_gap_deg,2,Follower 2,-239.89999999999927,degree,dcaf36b6e5d8b943d80dcb430db143b3b64134b83eae58d902d76762966c5f8e
nominal_linear.final_cyclic_gap_error_deg,0,Leader,-0.099999999999766942,degree,dcaf36b6e5d8b943d80dcb430db143b3b64134b83eae58d902d76762966c5f8e
nominal_linear.final_cyclic_gap_error_deg,1,Follower 1,-9.6633812063373625e-13,degree,dcaf36b6e5d8b943d80dcb430db143b3b64134b83eae58d902d76762966c5f8e
nominal_linear.final_cyclic_gap_error_deg,2,Follower 2,0.10000000000073328,degree,dcaf36b6e5d8b943d80dcb430db143b3b64134b83eae58d902d76762966c5f8e
nominal_linear.max_abs_final_cyclic_gap_error_deg,,,0.10000000000073328,degree,dcaf36b6e5d8b943d80dcb430db143b3b64134b83eae58d902d76762966c5f8e
nominal_linear.final_cyclic_relative_rate_deg_per_day,0,Leader,0.0011166674772293828,degree/day,dcaf36b6e5d8b943d80dcb430db143b3b64134b83eae58d902d76762966c5f8e
nominal_linear.final_cyclic_relative_rate_deg_per_day,1,Follower 1,0.00088333252277061902,degree/day,dcaf36b6e5d8b943d80dcb430db143b3b64134b83eae58d902d76762966c5f8e
nominal_linear.final_cyclic_relative_rate_deg_per_day,2,Follower 2,-0.0020000000000000018,degree/day,dcaf36b6e5d8b943d80dcb430db143b3b64134b83eae58d902d76762966c5f8e
nominal_linear.max_abs_final_cyclic_relative_rate_deg_per_day,,,0.0020000000000000018,degree/day,dcaf36b6e5d8b943d80dcb430db143b3b64134b83eae58d902d76762966c5f8e
nominal_linear.max_dynamics_residual,,,0,dimensionless,dcaf36b6e5d8b943d80dcb430db143b3b64134b83eae58d902d76762966c5f8e
nonlinear_replay.final_extra_altitude_loss_km,0,Leader,1.2620739885251169,km,dcaf36b6e5d8b943d80dcb430db143b3b64134b83eae58d902d76762966c5f8e
nonlinear_replay.final_extra_altitude_loss_km,1,Follower 1,1.2692986062129421,km,dcaf36b6e5d8b943d80dcb430db143b3b64134b83eae58d902d76762966c5f8e
nonlinear_replay.final_extra_altitude_loss_km,2,Follower 2,1.2878549990164174,km,dcaf36b6e5d8b943d80dcb430db143b3b64134b83eae58d902d76762966c5f8e
nonlinear_replay.final_altitude_km,0,Leader,469.96646649665945,km,dcaf36b6e5d8b943d80dcb430db143b3b64134b83eae58d902d76762966c5f8e
nonlinear_replay.final_altitude_km,1,Follower 1,469.95924187897162,km,dcaf36b6e5d8b943d80dcb430db143b3b64134b83eae58d902d76762966c5f8e
nonlinear_replay.final_altitude_km,2,Follower 2,469.94068548616815,km,dcaf36b6e5d8b943d80dcb430db143b3b64134b83eae58d902d76762966c5f8e
nonlinear_replay.final_cyclic_gap_deg,0,Leader,113.23178423393865,degree,dcaf36b6e5d8b943d80dcb430db143b3b64134b83eae58d902d76762966c5f8e
nonlinear_replay.final_cyclic_gap_deg,1,Follower 1,115.23080352861942,degree,dcaf36b6e5d8b943d80dcb430db143b3b64134b83eae58d902d76762966c5f8e
nonlinear_replay.final_cyclic_gap_deg,2,Follower 2,-228.46258776255809,degree,dcaf36b6e5d8b943d80dcb430db143b3b64134b83eae58d902d76762966c5f8e
nonlinear_replay.final_cyclic_gap_error_deg,0,Leader,-6.7682157660613456,degree,dcaf36b6e5d8b943d80dcb430db143b3b64134b83eae58d902d76762966c5f8e
nonlinear_replay.final_cyclic_gap_error_deg,1,Follower 1,-4.7691964713805817,degree,dcaf36b6e5d8b943d80dcb430db143b3b64134b83eae58d902d76762966c5f8e
nonlinear_replay.final_cyclic_gap_error_deg,2,Follower 2,11.537412237441913,degree,dcaf36b6e5d8b943d80dcb430db143b3b64134b83eae58d902d76762966c5f8e
nonlinear_replay.max_abs_final_cyclic_gap_error_deg,,,11.537412237441913,degree,dcaf36b6e5d8b943d80dcb430db143b3b64134b83eae58d902d76762966c5f8e
nonlinear_replay.final_cyclic_relative_rate_deg_per_day,0,Leader,0.0087274261200238623,degree/day,dcaf36b6e5d8b943d80dcb430db143b3b64134b83eae58d902d76762966c5f8e
nonlinear_replay.final_cyclic_relative_rate_deg_per_day,1,Follower 1,0.02241645390631497,degree/day,dcaf36b6e5d8b943d80dcb430db143b3b64134b83eae58d902d76762966c5f8e
nonlinear_replay.final_cyclic_relative_rate_deg_per_day,2,Follower 2,-0.031143880026338833,degree/day,dcaf36b6e5d8b943d80dcb430db143b3b64134b83eae58d902d76762966c5f8e
nonlinear_replay.max_abs_final_cyclic_relative_rate_deg_per_day,,,0.031143880026338833,degree/day,dcaf36b6e5d8b943d80dcb430db143b3b64134b83eae58d902d76762966c5f8e
nonlinear_replay.minimum_altitude_km,,,469.94068548616815,km,dcaf36b6e5d8b943d80dcb430db143b3b64134b83eae58d902d76762966c5f8e
nonlinear_replay.reference_final_altitude_km,,,471.22854048518457,km,dcaf36b6e5d8b943d80dcb430db143b3b64134b83eae58d902d76762966c5f8e
nonlinear_replay.density_min_kg_m3,,,2.2637430969690744e-13,kg/m^3,dcaf36b6e5d8b943d80dcb430db143b3b64134b83eae58d902d76762966c5f8e
nonlinear_replay.density_max_kg_m3,,,3.4033795477102926e-13,kg/m^3,dcaf36b6e5d8b943d80dcb430db143b3b64134b83eae58d902d76762966c5f8e
replay_refinement.coarse_step_hours,,,1,hour,dcaf36b6e5d8b943d80dcb430db143b3b64134b83eae58d902d76762966c5f8e
replay_refinement.fine_step_hours,,,0.5,hour,dcaf36b6e5d8b943d80dcb430db143b3b64134b83eae58d902d76762966c5f8e
replay_refinement.max_phase_delta_deg,,,3.1014764090286917e-09,degree,dcaf36b6e5d8b943d80dcb430db143b3b64134b83eae58d902d76762966c5f8e
replay_refinement.max_relative_rate_delta_deg_per_day,,,6.3332783462044517e-11,degree/day,dcaf36b6e5d8b943d80dcb430db143b3b64134b83eae58d902d76762966c5f8e
replay_refinement.max_extra_loss_delta_km,,,5.2750692702829838e-11,km,dcaf36b6e5d8b943d80dcb430db143b3b64134b83eae58d902d76762966c5f8e
replay_refinement.max_altitude_delta_km,,,3.1832314562052488e-11,km,dcaf36b6e5d8b943d80dcb430db143b3b64134b83eae58d902d76762966c5f8e
replay_refinement.max_density_delta_kg_m3,,,1.4641258400901979e-25,kg/m^3,dcaf36b6e5d8b943d80dcb430db143b3b64134b83eae58d902d76762966c5f8e
replay_refinement.terminal_gap_delta_deg,,,3.1011921919343877e-09,degree,dcaf36b6e5d8b943d80dcb430db143b3b64134b83eae58d902d76762966c5f8e
replay_refinement.terminal_cyclic_rate_delta_deg_per_day,,,1.0733858246680938e-11,degree/day,dcaf36b6e5d8b943d80dcb430db143b3b64134b83eae58d902d76762966c5f8e
validation.derived_coefficients,,,true,boolean,dcaf36b6e5d8b943d80dcb430db143b3b64134b83eae58d902d76762966c5f8e
validation.solver_status,,,true,boolean,dcaf36b6e5d8b943d80dcb430db143b3b64134b83eae58d902d76762966c5f8e
validation.nominal_dynamics,,,true,boolean,dcaf36b6e5d8b943d80dcb430db143b3b64134b83eae58d902d76762966c5f8e
validation.action_bounds,,,true,boolean,dcaf36b6e5d8b943d80dcb430db143b3b64134b83eae58d902d76762966c5f8e
validation.nominal_terminal_gaps,,,true,boolean,dcaf36b6e5d8b943d80dcb430db143b3b64134b83eae58d902d76762966c5f8e
validation.nominal_terminal_rates,,,true,boolean,dcaf36b6e5d8b943d80dcb430db143b3b64134b83eae58d902d76762966c5f8e
validation.plan_identity,,,true,boolean,dcaf36b6e5d8b943d80dcb430db143b3b64134b83eae58d902d76762966c5f8e
validation.replay_finite,,,true,boolean,dcaf36b6e5d8b943d80dcb430db143b3b64134b83eae58d902d76762966c5f8e
validation.replay_resolution,,,true,boolean,dcaf36b6e5d8b943d80dcb430db143b3b64134b83eae58d902d76762966c5f8e
validation.density_variation,,,true,dimensionless,dcaf36b6e5d8b943d80dcb430db143b3b64134b83eae58d902d76762966c5f8e
validation.altitude_safe,,,true,boolean,dcaf36b6e5d8b943d80dcb430db143b3b64134b83eae58d902d76762966c5f8e
validation.extra_loss_nonnegative,,,true,boolean,dcaf36b6e5d8b943d80dcb430db143b3b64134b83eae58d902d76762966c5f8e
validation.primary_objective_locked,,,true,boolean,dcaf36b6e5d8b943d80dcb430db143b3b64134b83eae58d902d76762966c5f8e
validation.tv_refinement,,,true,boolean,dcaf36b6e5d8b943d80dcb430db143b3b64134b83eae58d902d76762966c5f8e
validation.nonlinear_stress_test_visible,,,true,boolean,dcaf36b6e5d8b943d80dcb430db143b3b64134b83eae58d902d76762966c5f8e
