day,interval_start_day,interval_end_day,leader_high_drag_fraction,follower_1_high_drag_fraction,follower_2_high_drag_fraction,plan_identity_sha256
0,0,1,0,0.16136089621530722,1,6cf023344145cd131b3aceabf0a51de5fb9907e46851e0aa99ae7edaf08343bb
1,1,2,0,0.16136089621530722,1,6cf023344145cd131b3aceabf0a51de5fb9907e46851e0aa99ae7edaf08343bb
2,2,3,0,0.16136089621530722,1,6cf023344145cd131b3aceabf0a51de5fb9907e46851e0aa99ae7edaf08343bb
3,3,4,0,0.16136089621530722,1,6cf023344145cd131b3aceabf0a51de5fb9907e46851e0aa99ae7edaf08343bb
4,4,5,0,0.16136089621530722,1,6cf023344145cd131b3aceabf0a51de5fb9907e46851e0aa99ae7edaf08343bb
5,5,6,0,0.16136089621530708,1,6cf023344145cd131b3aceabf0a51de5fb9907e46851e0aa99ae7edaf08343bb
6,6,7,0,0.16136089621530708,1,6cf023344145cd131b3aceabf0a51de5fb9907e46851e0aa99ae7edaf08343bb
7,7,8,0,0.16136089621530708,1,6cf023344145cd131b3aceabf0a51de5fb9907e46851e0aa99ae7edaf08343bb
8,8,9,0,0.16136089621530708,1,6cf023344145cd131b3aceabf0a51de5fb9907e46851e0aa99ae7edaf08343bb
9,9,10,0,0.16136089621530708,1,6cf023344145cd131b3aceabf0a51de5fb9907e46851e0aa99ae7edaf08343bb
10,10,11,0,0.16136089621530708,1,6cf023344145cd131b3aceabf0a51de5fb9907e46851e0aa99ae7edaf08343bb
11,11,12,0,0.16136089621530708,1,6cf023344145cd131b3aceabf0a51de5fb9907e46851e0aa99ae7edaf08343bb
12,12,13,0,0.16136089621530708,1,6cf023344145cd131b3aceabf0a51de5fb9907e46851e0aa99ae7edaf08343bb
13,13,14,0,0.16136089621530708,1,6cf023344145cd131b3aceabf0a51de5fb9907e46851e0aa99ae7edaf08343bb
14,14,15,0,0.16136089621530708,1,6cf023344145cd131b3aceabf0a51de5fb9907e46851e0aa99ae7edaf08343bb
15,15,16,0,0.16136089621530708,1,6cf023344145cd131b3aceabf0a51de5fb9907e46851e0aa99ae7edaf08343bb
16,16,17,0,0.16136089621530708,1,6cf023344145cd131b3aceabf0a51de5fb9907e46851e0aa99ae7edaf08343bb
17,17,18,0,0.16136089621530708,1,6cf023344145cd131b3aceabf0a51de5fb9907e46851e0aa99ae7edaf08343bb
18,18,19,0,0.16136089621530708,1,6cf023344145cd131b3aceabf0a51de5fb9907e46851e0aa99ae7edaf08343bb
19,19,20,0,0.16136089621530708,1,6cf023344145cd131b3aceabf0a51de5fb9907e46851e0aa99ae7edaf08343bb
20,20,21,0,0.16136089621530708,1,6cf023344145cd131b3aceabf0a51de5fb9907e46851e0aa99ae7edaf08343bb
21,21,22,0,0.16136089621530708,1,6cf023344145cd131b3aceabf0a51de5fb9907e46851e0aa99ae7edaf08343bb
22,22,23,0,0.16136089621530708,1,6cf023344145cd131b3aceabf0a51de5fb9907e46851e0aa99ae7edaf08343bb
23,23,24,0,0.16136089621530708,1,6cf023344145cd131b3aceabf0a51de5fb9907e46851e0aa99ae7edaf08343bb
24,24,25,0,0.16136089621530708,1,6cf023344145cd131b3aceabf0a51de5fb9907e46851e0aa99ae7edaf08343bb
25,25,26,0,0.16136089621530708,1,6cf023344145cd131b3aceabf0a51de5fb9907e46851e0aa99ae7edaf08343bb
26,26,27,0,0.16136089621530708,1,6cf023344145cd131b3aceabf0a51de5fb9907e46851e0aa99ae7edaf08343bb
27,27,28,0,0.16136089621530708,1,6cf023344145cd131b3aceabf0a51de5fb9907e46851e0aa99ae7edaf08343bb
28,28,29,0,0.16136089621530708,1,6cf023344145cd131b3aceabf0a51de5fb9907e46851e0aa99ae7edaf08343bb
29,29,30,0,0.16136089621530708,0.061184047113265944,6cf023344145cd131b3aceabf0a51de5fb9907e46851e0aa99ae7edaf08343bb
30,30,31,0,0.16136089621530708,-0,6cf023344145cd131b3aceabf0a51de5fb9907e46851e0aa99ae7edaf08343bb
31,31,32,0,0.16136089621530708,-0,6cf023344145cd131b3aceabf0a51de5fb9907e46851e0aa99ae7edaf08343bb
32,32,33,0,0.16136089621530708,-0,6cf023344145cd131b3aceabf0a51de5fb9907e46851e0aa99ae7edaf08343bb
33,33,34,0,0.16136089621530708,-0,6cf023344145cd131b3aceabf0a51de5fb9907e46851e0aa99ae7edaf08343bb
34,34,35,0,0.16136089621530708,-0,6cf023344145cd131b3aceabf0a51de5fb9907e46851e0aa99ae7edaf08343bb
35,35,36,0,0.16136089621530708,-0,6cf023344145cd131b3aceabf0a51de5fb9907e46851e0aa99ae7edaf08343bb
36,36,37,0,0.16136089621530708,-0,6cf023344145cd131b3aceabf0a51de5fb9907e46851e0aa99ae7edaf08343bb
37,37,38,0,0.16136089621530708,-0,6cf023344145cd131b3aceabf0a51de5fb9907e46851e0aa99ae7edaf08343bb
38,38,39,0,0.16136089621530708,-0,6cf023344145cd131b3aceabf0a51de5fb9907e46851e0aa99ae7edaf08343bb
39,39,40,0,0.16136089621530708,0,6cf023344145cd131b3aceabf0a51de5fb9907e46851e0aa99ae7edaf08343bb
40,40,41,0,0.16136089621530708,-0,6cf023344145cd131b3aceabf0a51de5fb9907e46851e0aa99ae7edaf08343bb
41,41,42,0,0.16136089621530708,-0,6cf023344145cd131b3aceabf0a51de5fb9907e46851e0aa99ae7edaf08343bb
42,42,43,0,0.16136089621530708,0,6cf023344145cd131b3aceabf0a51de5fb9907e46851e0aa99ae7edaf08343bb
43,43,44,0,0.16136089621530708,0,6cf023344145cd131b3aceabf0a51de5fb9907e46851e0aa99ae7edaf08343bb
44,44,45,0,0.16136089621530708,0,6cf023344145cd131b3aceabf0a51de5fb9907e46851e0aa99ae7edaf08343bb
45,45,46,0,0.16136089621530708,0,6cf023344145cd131b3aceabf0a51de5fb9907e46851e0aa99ae7edaf08343bb
46,46,47,0,0.16136089621530708,0,6cf023344145cd131b3aceabf0a51de5fb9907e46851e0aa99ae7edaf08343bb
47,47,48,0,0.16136089621530708,0,6cf023344145cd131b3aceabf0a51de5fb9907e46851e0aa99ae7edaf08343bb
48,48,49,0,0.16136089621530708,0,6cf023344145cd131b3aceabf0a51de5fb9907e46851e0aa99ae7edaf08343bb
49,49,50,0,0.16136089621530708,0,6cf023344145cd131b3aceabf0a51de5fb9907e46851e0aa99ae7edaf08343bb
50,50,51,0,0.16136089621530708,0,6cf023344145cd131b3aceabf0a51de5fb9907e46851e0aa99ae7edaf08343bb
51,51,52,0,0.16136089621530708,0,6cf023344145cd131b3aceabf0a51de5fb9907e46851e0aa99ae7edaf08343bb
52,52,53,0,0.16136089621530708,0,6cf023344145cd131b3aceabf0a51de5fb9907e46851e0aa99ae7edaf08343bb
53,53,54,0,0.16136089621530708,0,6cf023344145cd131b3aceabf0a51de5fb9907e46851e0aa99ae7edaf08343bb
54,54,55,0,0.16136089621530708,0,6cf023344145cd131b3aceabf0a51de5fb9907e46851e0aa99ae7edaf08343bb
55,55,56,0,0.16136089621530708,0,6cf023344145cd131b3aceabf0a51de5fb9907e46851e0aa99ae7edaf08343bb
56,56,57,0,0.16136089621530708,-0,6cf023344145cd131b3aceabf0a51de5fb9907e46851e0aa99ae7edaf08343bb
57,57,58,0,0.16136089621530708,0,6cf023344145cd131b3aceabf0a51de5fb9907e46851e0aa99ae7edaf08343bb
58,58,59,0,0.16136089621530708,0,6cf023344145cd131b3aceabf0a51de5fb9907e46851e0aa99ae7edaf08343bb
59,59,60,0,0.16136089621530708,0,6cf023344145cd131b3aceabf0a51de5fb9907e46851e0aa99ae7edaf08343bb
60,60,61,0,0.16136089621530708,0,6cf023344145cd131b3aceabf0a51de5fb9907e46851e0aa99ae7edaf08343bb
61,61,62,0,0.16136089621530708,0,6cf023344145cd131b3aceabf0a51de5fb9907e46851e0aa99ae7edaf08343bb
62,62,63,0,0.16136089621530708,0,6cf023344145cd131b3aceabf0a51de5fb9907e46851e0aa99ae7edaf08343bb
63,63,64,0,0.16136089621530708,0,6cf023344145cd131b3aceabf0a51de5fb9907e46851e0aa99ae7edaf08343bb
64,64,65,0,0.16136089621530708,0,6cf023344145cd131b3aceabf0a51de5fb9907e46851e0aa99ae7edaf08343bb
65,65,66,0,0.16136089621530708,0,6cf023344145cd131b3aceabf0a51de5fb9907e46851e0aa99ae7edaf08343bb
66,66,67,0,0.16136089621530708,0,6cf023344145cd131b3aceabf0a51de5fb9907e46851e0aa99ae7edaf08343bb
67,67,68,0,0.16136089621530708,0,6cf023344145cd131b3aceabf0a51de5fb9907e46851e0aa99ae7edaf08343bb
68,68,69,0,0.16136089621530708,0,6cf023344145cd131b3aceabf0a51de5fb9907e46851e0aa99ae7edaf08343bb
69,69,70,0,0.16136089621530708,0,6cf023344145cd131b3aceabf0a51de5fb9907e46851e0aa99ae7edaf08343bb
70,70,71,0,0.16136089621530708,0,6cf023344145cd131b3aceabf0a51de5fb9907e46851e0aa99ae7edaf08343bb
71,71,72,0,0.16136089621530708,0,6cf023344145cd131b3aceabf0a51de5fb9907e46851e0aa99ae7edaf08343bb
72,72,73,0,0.16136089621530708,0,6cf023344145cd131b3aceabf0a51de5fb9907e46851e0aa99ae7edaf08343bb
73,73,74,0,0.16136089621530708,0,6cf023344145cd131b3aceabf0a51de5fb9907e46851e0aa99ae7edaf08343bb
74,74,75,0,0.16136089621530708,0,6cf023344145cd131b3aceabf0a51de5fb9907e46851e0aa99ae7edaf08343bb
75,75,76,0,0.16136089621530708,0,6cf023344145cd131b3aceabf0a51de5fb9907e46851e0aa99ae7edaf08343bb
76,76,77,0,0.16136089621530708,0,6cf023344145cd131b3aceabf0a51de5fb9907e46851e0aa99ae7edaf08343bb
77,77,78,0,0.16136089621530708,0,6cf023344145cd131b3aceabf0a51de5fb9907e46851e0aa99ae7edaf08343bb
78,78,79,0,0.16136089621530708,0,6cf023344145cd131b3aceabf0a51de5fb9907e46851e0aa99ae7edaf08343bb
79,79,80,0,0.16136089621530708,0,6cf023344145cd131b3aceabf0a51de5fb9907e46851e0aa99ae7edaf08343bb
80,80,81,0,0.16136089621530708,0,6cf023344145cd131b3aceabf0a51de5fb9907e46851e0aa99ae7edaf08343bb
81,81,82,0,0.16136089621530708,0,6cf023344145cd131b3aceabf0a51de5fb9907e46851e0aa99ae7edaf08343bb
82,82,83,0,0.16136089621530708,0,6cf023344145cd131b3aceabf0a51de5fb9907e46851e0aa99ae7edaf08343bb
83,83,84,0,0.16136089621530708,0,6cf023344145cd131b3aceabf0a51de5fb9907e46851e0aa99ae7edaf08343bb
84,84,85,0,0.16136089621530708,0,6cf023344145cd131b3aceabf0a51de5fb9907e46851e0aa99ae7edaf08343bb
85,85,86,0,0.16136089621530708,0,6cf023344145cd131b3aceabf0a51de5fb9907e46851e0aa99ae7edaf08343bb
86,86,87,0,0.16136089621530708,0,6cf023344145cd131b3aceabf0a51de5fb9907e46851e0aa99ae7edaf08343bb
87,87,88,0,0.16136089621530708,0,6cf023344145cd131b3aceabf0a51de5fb9907e46851e0aa99ae7edaf08343bb
88,88,89,0,0.16136089621530708,0,6cf023344145cd131b3aceabf0a51de5fb9907e46851e0aa99ae7edaf08343bb
89,89,90,0,0.16136089621530708,0,6cf023344145cd131b3aceabf0a51de5fb9907e46851e0aa99ae7edaf08343bb
90,90,91,0,0.16136089621530708,0,6cf023344145cd131b3aceabf0a51de5fb9907e46851e0aa99ae7edaf08343bb
91,91,92,0,0.16136089621530708,0,6cf023344145cd131b3aceabf0a51de5fb9907e46851e0aa99ae7edaf08343bb
92,92,93,0,0.16136089621530708,0,6cf023344145cd131b3aceabf0a51de5fb9907e46851e0aa99ae7edaf08343bb
93,93,94,0,0.16136089621530708,0,6cf023344145cd131b3aceabf0a51de5fb9907e46851e0aa99ae7edaf08343bb
94,94,95,0,0.16136089621530708,0,6cf023344145cd131b3aceabf0a51de5fb9907e46851e0aa99ae7edaf08343bb
95,95,96,0,0.16136089621530708,0,6cf023344145cd131b3aceabf0a51de5fb9907e46851e0aa99ae7edaf08343bb
96,96,97,0,0.16136089621530708,0,6cf023344145cd131b3aceabf0a51de5fb9907e46851e0aa99ae7edaf08343bb
97,97,98,0,0.16136089621530708,0,6cf023344145cd131b3aceabf0a51de5fb9907e46851e0aa99ae7edaf08343bb
98,98,99,0,0.16136089621530708,0,6cf023344145cd131b3aceabf0a51de5fb9907e46851e0aa99ae7edaf08343bb
99,99,100,0,0.16136089621530708,0,6cf023344145cd131b3aceabf0a51de5fb9907e46851e0aa99ae7edaf08343bb
100,100,101,0,0.16136089621530708,0,6cf023344145cd131b3aceabf0a51de5fb9907e46851e0aa99ae7edaf08343bb
101,101,102,0,0.16136089621530708,0,6cf023344145cd131b3aceabf0a51de5fb9907e46851e0aa99ae7edaf08343bb
102,102,103,0,0.16136089621530708,0,6cf023344145cd131b3aceabf0a51de5fb9907e46851e0aa99ae7edaf08343bb
103,103,104,0,0.16136089621530708,0,6cf023344145cd131b3aceabf0a51de5fb9907e46851e0aa99ae7edaf08343bb
104,104,105,0,0.16136089621530708,0,6cf023344145cd131b3aceabf0a51de5fb9907e46851e0aa99ae7edaf08343bb
105,105,106,0,0.16136089621530708,0,6cf023344145cd131b3aceabf0a51de5fb9907e46851e0aa99ae7edaf08343bb
106,106,107,0,0.16136089621530708,0,6cf023344145cd131b3aceabf0a51de5fb9907e46851e0aa99ae7edaf08343bb
107,107,108,0,0.16136089621530708,0,6cf023344145cd131b3aceabf0a51de5fb9907e46851e0aa99ae7edaf08343bb
108,108,109,0,0.16136089621530708,0,6cf023344145cd131b3aceabf0a51de5fb9907e46851e0aa99ae7edaf08343bb
109,109,110,0,0.16136089621530708,0,6cf023344145cd131b3aceabf0a51de5fb9907e46851e0aa99ae7edaf08343bb
110,110,111,0,0.16136089621530708,0,6cf023344145cd131b3aceabf0a51de5fb9907e46851e0aa99ae7edaf08343bb
111,111,112,0,0.16136089621530708,0,6cf023344145cd131b3aceabf0a51de5fb9907e46851e0aa99ae7edaf08343bb
112,112,113,0,0.16136089621530708,0,6cf023344145cd131b3aceabf0a51de5fb9907e46851e0aa99ae7edaf08343bb
113,113,114,0,0.16136089621530708,0,6cf023344145cd131b3aceabf0a51de5fb9907e46851e0aa99ae7edaf08343bb
114,114,115,0,0.16136089621530708,0,6cf023344145cd131b3aceabf0a51de5fb9907e46851e0aa99ae7edaf08343bb
115,115,116,0,0.16136089621530708,0,6cf023344145cd131b3aceabf0a51de5fb9907e46851e0aa99ae7edaf08343bb
116,116,117,0,0.16136089621530708,0,6cf023344145cd131b3aceabf0a51de5fb9907e46851e0aa99ae7edaf08343bb
117,117,118,0,0.16136089621530708,0,6cf023344145cd131b3aceabf0a51de5fb9907e46851e0aa99ae7edaf08343bb
118,118,119,0,0.16136089621530708,0,6cf023344145cd131b3aceabf0a51de5fb9907e46851e0aa99ae7edaf08343bb
119,119,120,0,0.16136089621530708,0,6cf023344145cd131b3aceabf0a51de5fb9907e46851e0aa99ae7edaf08343bb
120,120,121,0,0.16136089621530708,0,6cf023344145cd131b3aceabf0a51de5fb9907e46851e0aa99ae7edaf08343bb
121,121,122,0,0.16136089621530708,0,6cf023344145cd131b3aceabf0a51de5fb9907e46851e0aa99ae7edaf08343bb
122,122,123,0,0.16136089621530708,0,6cf023344145cd131b3aceabf0a51de5fb9907e46851e0aa99ae7edaf08343bb
123,123,124,0,0.16136089621530708,0,6cf023344145cd131b3aceabf0a51de5fb9907e46851e0aa99ae7edaf08343bb
124,124,125,0,0.16136089621530708,0,6cf023344145cd131b3aceabf0a51de5fb9907e46851e0aa99ae7edaf08343bb
125,125,126,0,0.16136089621530708,0,6cf023344145cd131b3aceabf0a51de5fb9907e46851e0aa99ae7edaf08343bb
126,126,127,0,0.16136089621530708,0,6cf023344145cd131b3aceabf0a51de5fb9907e46851e0aa99ae7edaf08343bb
127,127,128,0,0.16136089621530708,0,6cf023344145cd131b3aceabf0a51de5fb9907e46851e0aa99ae7edaf08343bb
128,128,129,0,0.16136089621530708,0,6cf023344145cd131b3aceabf0a51de5fb9907e46851e0aa99ae7edaf08343bb
129,129,130,0,0.16136089621530708,0,6cf023344145cd131b3aceabf0a51de5fb9907e46851e0aa99ae7edaf08343bb
130,130,131,0,0.16136089621530708,0,6cf023344145cd131b3aceabf0a51de5fb9907e46851e0aa99ae7edaf08343bb
131,131,132,0,0.16136089621530708,0,6cf023344145cd131b3aceabf0a51de5fb9907e46851e0aa99ae7edaf08343bb
132,132,133,0,0.16136089621530708,0,6cf023344145cd131b3aceabf0a51de5fb9907e46851e0aa99ae7edaf08343bb
133,133,134,0,0.16136089621530708,0,6cf023344145cd131b3aceabf0a51de5fb9907e46851e0aa99ae7edaf08343bb
134,134,135,0,0.16136089621530708,0,6cf023344145cd131b3aceabf0a51de5fb9907e46851e0aa99ae7edaf08343bb
135,135,136,0,0.16136089621530708,0,6cf023344145cd131b3aceabf0a51de5fb9907e46851e0aa99ae7edaf08343bb
136,136,137,0,0.16136089621530708,0,6cf023344145cd131b3aceabf0a51de5fb9907e46851e0aa99ae7edaf08343bb
137,137,138,0,0.16136089621530708,0,6cf023344145cd131b3aceabf0a51de5fb9907e46851e0aa99ae7edaf08343bb
138,138,139,0,0.16136089621530708,0,6cf023344145cd131b3aceabf0a51de5fb9907e46851e0aa99ae7edaf08343bb
139,139,140,0,0.16136089621530708,0,6cf023344145cd131b3aceabf0a51de5fb9907e46851e0aa99ae7edaf08343bb
140,140,141,0,0.16136089621530708,0,6cf023344145cd131b3aceabf0a51de5fb9907e46851e0aa99ae7edaf08343bb
141,141,142,5.9545025970805881e-08,0.16136089621530708,0,6cf023344145cd131b3aceabf0a51de5fb9907e46851e0aa99ae7edaf08343bb
142,142,143,5.9545025970805881e-08,0.16136089621530708,0,6cf023344145cd131b3aceabf0a51de5fb9907e46851e0aa99ae7edaf08343bb
143,143,144,5.9545025970805881e-08,0.16136089621530708,0,6cf023344145cd131b3aceabf0a51de5fb9907e46851e0aa99ae7edaf08343bb
144,144,145,5.9545025970805881e-08,0.16136089621530708,0,6cf023344145cd131b3aceabf0a51de5fb9907e46851e0aa99ae7edaf08343bb
145,145,146,5.9545025970805881e-08,0.16136089621530708,0,6cf023344145cd131b3aceabf0a51de5fb9907e46851e0aa99ae7edaf08343bb
146,146,147,5.9545025970805881e-08,0.16136089621530708,0,6cf023344145cd131b3aceabf0a51de5fb9907e46851e0aa99ae7edaf08343bb
147,147,148,5.9545025970805881e-08,0.16136089621530708,0,6cf023344145cd131b3aceabf0a51de5fb9907e46851e0aa99ae7edaf08343bb
148,148,149,5.9545025970805881e-08,0.16136089621530708,0,6cf023344145cd131b3aceabf0a51de5fb9907e46851e0aa99ae7edaf08343bb
149,149,150,5.9545025970805881e-08,0.16136089621530708,0,6cf023344145cd131b3aceabf0a51de5fb9907e46851e0aa99ae7edaf08343bb
150,150,151,0.02445277178706912,0.16136089621530708,0,6cf023344145cd131b3aceabf0a51de5fb9907e46851e0aa99ae7edaf08343bb
151,151,152,1,0.16136089621530708,0,6cf023344145cd131b3aceabf0a51de5fb9907e46851e0aa99ae7edaf08343bb
152,152,153,1,0.16136089621530708,0,6cf023344145cd131b3aceabf0a51de5fb9907e46851e0aa99ae7edaf08343bb
153,153,154,1,0.16136089621530708,0,6cf023344145cd131b3aceabf0a51de5fb9907e46851e0aa99ae7edaf08343bb
154,154,155,1,0.16136089621530708,0,6cf023344145cd131b3aceabf0a51de5fb9907e46851e0aa99ae7edaf08343bb
155,155,156,1,0.16136089621530708,0,6cf023344145cd131b3aceabf0a51de5fb9907e46851e0aa99ae7edaf08343bb
156,156,157,1,0.16136089621530708,0,6cf023344145cd131b3aceabf0a51de5fb9907e46851e0aa99ae7edaf08343bb
157,157,158,1,0.16136089621530708,0,6cf023344145cd131b3aceabf0a51de5fb9907e46851e0aa99ae7edaf08343bb
158,158,159,1,0.16136089621530708,0,6cf023344145cd131b3aceabf0a51de5fb9907e46851e0aa99ae7edaf08343bb
159,159,160,1,0.16136089621530708,0,6cf023344145cd131b3aceabf0a51de5fb9907e46851e0aa99ae7edaf08343bb
160,160,161,1,0.16136089621530708,0,6cf023344145cd131b3aceabf0a51de5fb9907e46851e0aa99ae7edaf08343bb
161,161,162,1,0.16136089621530708,0,6cf023344145cd131b3aceabf0a51de5fb9907e46851e0aa99ae7edaf08343bb
162,162,163,1,0.16136089621530708,0,6cf023344145cd131b3aceabf0a51de5fb9907e46851e0aa99ae7edaf08343bb
163,163,164,1,0.16136089621530708,0,6cf023344145cd131b3aceabf0a51de5fb9907e46851e0aa99ae7edaf08343bb
164,164,165,1,0.16136089621530708,0,6cf023344145cd131b3aceabf0a51de5fb9907e46851e0aa99ae7edaf08343bb
165,165,166,1,0.16136089621530708,0,6cf023344145cd131b3aceabf0a51de5fb9907e46851e0aa99ae7edaf08343bb
166,166,167,1,0.16136089621530708,0,6cf023344145cd131b3aceabf0a51de5fb9907e46851e0aa99ae7edaf08343bb
167,167,168,1,0.16136089621530708,0,6cf023344145cd131b3aceabf0a51de5fb9907e46851e0aa99ae7edaf08343bb
168,168,169,1,0.16136089621530708,0,6cf023344145cd131b3aceabf0a51de5fb9907e46851e0aa99ae7edaf08343bb
169,169,170,1,0.16136089621530708,0,6cf023344145cd131b3aceabf0a51de5fb9907e46851e0aa99ae7edaf08343bb
170,170,171,1,0.16136089621530708,0,6cf023344145cd131b3aceabf0a51de5fb9907e46851e0aa99ae7edaf08343bb
171,171,172,1,0.16136089621530708,0,6cf023344145cd131b3aceabf0a51de5fb9907e46851e0aa99ae7edaf08343bb
172,172,173,1,0.16136089621530708,0,6cf023344145cd131b3aceabf0a51de5fb9907e46851e0aa99ae7edaf08343bb
173,173,174,1,0.16136089621530708,0,6cf023344145cd131b3aceabf0a51de5fb9907e46851e0aa99ae7edaf08343bb
174,174,175,1,0.16136089621530708,0,6cf023344145cd131b3aceabf0a51de5fb9907e46851e0aa99ae7edaf08343bb
175,175,176,1,0.16136089621530708,0,6cf023344145cd131b3aceabf0a51de5fb9907e46851e0aa99ae7edaf08343bb
176,176,177,1,0.16136089621530708,0,6cf023344145cd131b3aceabf0a51de5fb9907e46851e0aa99ae7edaf08343bb
177,177,178,1,0.16136089621530708,0,6cf023344145cd131b3aceabf0a51de5fb9907e46851e0aa99ae7edaf08343bb
178,178,179,1,0.16136089621530708,0,6cf023344145cd131b3aceabf0a51de5fb9907e46851e0aa99ae7edaf08343bb
179,179,180,1,0.16136089621530708,0,6cf023344145cd131b3aceabf0a51de5fb9907e46851e0aa99ae7edaf08343bb
